{
    "textures": {
        "0": "block/lime_stained_glass",
        "particle": "block/lime_stained_glass"
    },
    "elements": [
        {
            "from": [ -8.0, -8.0, 8.1 ], 
            "to": [ 8.0, 8.0, 7.9 ], 
            "faces": {
                "north": { "texture": "#0", "uv": [ 0.0, 0.0, 16.0, 16.0 ] },
                "east": { "texture": "#0", "uv": [ 0.0, 0.0, 0.0, 16.0 ] },
                "south": { "texture": "#0", "uv": [ 0.0, 0.0, 16.0, 16.0 ] },
                "west": { "texture": "#0", "uv": [ 0.0, 0.0, 0.0, 16.0 ] },
                "up": { "texture": "#0", "uv": [ 0.0, 0.0, 16.0, 0.0 ] },
                "down": { "texture": "#0", "uv": [ 0.0, 0.0, 16.0, 0.0 ] }
            }
        },
        {
            "from": [ -8.0, 8, 8.1 ], 
            "to": [ 8.0, 24.0, 7.9 ], 
            "faces": {
                "north": { "texture": "#0", "uv": [ 0.0, 0.0, 16.0, 16.0 ] },
                "east": { "texture": "#0", "uv": [ 0.0, 0.0, 0.0, 16.0 ] },
                "south": { "texture": "#0", "uv": [ 0.0, 0.0, 16.0, 16.0 ] },
                "west": { "texture": "#0", "uv": [ 0.0, 0.0, 0.0, 16.0 ] },
                "up": { "texture": "#0", "uv": [ 0.0, 0.0, 16.0, 0.0 ] },
                "down": { "texture": "#0", "uv": [ 0.0, 0.0, 16.0, 0.0 ] }
            }
        },
        {
            "from": [ 8.0, -8.0, 8.1 ], 
            "to": [ 24.0, 8.0, 7.9 ], 
            "faces": {
                "north": { "texture": "#0", "uv": [ 0.0, 0.0, 16.0, 16.0 ] },
                "east": { "texture": "#0", "uv": [ 0.0, 0.0, 0.0, 16.0 ] },
                "south": { "texture": "#0", "uv": [ 0.0, 0.0, 16.0, 16.0 ] },
                "west": { "texture": "#0", "uv": [ 0.0, 0.0, 0.0, 16.0 ] },
                "up": { "texture": "#0", "uv": [ 0.0, 0.0, 16.0, 0.0 ] },
                "down": { "texture": "#0", "uv": [ 0.0, 0.0, 16.0, 0.0 ] }
            }
        },
        {
            "from": [ 8.0, 8, 8.1 ], 
            "to": [ 24.0, 24.0, 7.9 ], 
            "faces": {
                "north": { "texture": "#0", "uv": [ 0.0, 0.0, 16.0, 16.0 ] },
                "east": { "texture": "#0", "uv": [ 0.0, 0.0, 0.0, 16.0 ] },
                "south": { "texture": "#0", "uv": [ 0.0, 0.0, 16.0, 16.0 ] },
                "west": { "texture": "#0", "uv": [ 0.0, 0.0, 0.0, 16.0 ] },
                "up": { "texture": "#0", "uv": [ 0.0, 0.0, 16.0, 0.0 ] },
                "down": { "texture": "#0", "uv": [ 0.0, 0.0, 16.0, 0.0 ] }
            }
        }
    ]
}
