{
    "__comment": "Model generated using MrCrayfish's Model Creator (http://mrcrayfish.com/modelcreator/)",
    "textures": {
        "0": "block/lamp",
        "1": "block/lamp_top"
    },
    "elements": [
        {
            "name": "Cube",
            "from": [ 3.0, 2.0, 3.0 ], 
            "to": [ 13.0, 15.0, 13.0 ], 
            "faces": {
                "north": { "texture": "#0", "uv": [ 3.0, 1.0, 13.0, 14.0 ] },
                "east": { "texture": "#0", "uv": [ 3.0, 1.0, 13.0, 14.0 ] },
                "south": { "texture": "#0", "uv": [ 3.0, 1.0, 13.0, 14.0 ] },
                "west": { "texture": "#0", "uv": [ 3.0, 1.0, 13.0, 14.0 ] },
                "up": { "texture": "#1", "uv": [ 0.0, 0.0, 10.0, 10.0 ] },
                "down": { "texture": "#1", "uv": [ 6.0, 10.0, 12.0, 16.0 ] }
            }
        },
        {
            "name": "Cube",
            "from": [ 5.0, 0.0, 5.0 ], 
            "to": [ 11.0, 2.0, 11.0 ], 
            "faces": {
                "north": { "texture": "#0", "uv": [ 5.0, 14.0, 11.0, 16.0 ] },
                "east": { "texture": "#0", "uv": [ 5.0, 14.0, 11.0, 16.0 ] },
                "south": { "texture": "#0", "uv": [ 5.0, 14.0, 11.0, 16.0 ] },
                "west": { "texture": "#0", "uv": [ 5.0, 14.0, 11.0, 16.0 ] },
                "down": { "texture": "#1", "uv": [ 0.0, 10.0, 6.0, 16.0 ] }
            }
        }
    ]
}