{
    "textures": {
        "0": "block/illusion_wall"
    },
    "elements": [
        {
            "from": [ 0.0, 0.0, 0.0 ], 
            "to": [ 16.0, 32.0, 16.0 ], 
            "faces": {
                "north": { "texture": "#0", "uv": [ 0.0, 0.0, 8.0, 16.0 ] },
                "east": { "texture": "#0", "uv": [ 0.0, 0.0, 8.0, 16.0 ] },
                "south": { "texture": "#0", "uv": [ 0.0, 0.0, 8.0, 16.0 ] },
                "west": { "texture": "#0", "uv": [ 0.0, 0.0, 8.0, 16.0 ] }
            }
        }
    ]
}