{
  "boom": {
    "category": "master",
    "sounds": [
      "boom"
    ]
  },
  "statue_demon": {
    "category": "master",
    "sounds": [
      "statue_demon"
    ]
  },
  "music.game": {
    "category": "music",
    "replace": true,
    "sounds": [
      {
        "name": "music/0",
        "stream": true
      },
      {
        "name": "music/1",
        "stream": true
      },
      {
        "name": "music/2",
        "stream": true
      },
      {
        "name": "music/3",
        "stream": true
      },
      {
        "name": "music/4",
        "stream": true
      },
      {
        "name": "music/5",
        "stream": true
      },
      {
        "name": "music/6",
        "stream": true
      }
    ]
  },
  "music.menu": {
    "replace": true,
    "sounds": [
      {
        "name": "music.game",
        "type": "event"
      }
    ]
  },
  "music.overworld.desert": {
    "replace": true,
    "sounds": [
      {
        "name": "music.game",
        "type": "event"
      }
    ]
  },
  "entity.stray.ambient": {
    "category": "hostile",
    "replace": true,
    "sounds": [
      {
        "name": "entity.squid.ambient",
        "type": "event"
      }
    ]
  },
  "entity.stray.step": {
    "category": "hostile",
    "replace": true,
    "sounds": [
      {
        "name": "entity.squid.ambient",
        "type": "event"
      }
    ]
  },
  "entity.stray.hurt": {
    "category": "hostile",
    "replace": true,
    "sounds": [
      {
        "name": "random.burp",
        "type": "event",
        "weight": 2
      },
      "stray/hurt1",
      "stray/hurt2",
      "stray/hurt3"
    ]
  },
  "entity.stray.death": {
    "category": "hostile",
    "replace": true,
    "sounds": [
      {
        "name": "random.burp2",
        "type": "event",
        "weight": 1
      },
      "stray/death"
    ]
  },
  "entity.zombie_villager.step": {
    "category": "hostile",
    "replace": true,
    "sounds": [
      {
        "name": "entity.squid.ambient",
        "type": "event",
        "pitch": 2
      }
    ]
  },
  "entity.zombie_villager.ambient": {
    "category": "hostile",
    "replace": true,
    "sounds": [
      {
        "name": "entity.squid.ambient",
        "type": "event",
        "pitch": 2
      }
    ]
  },
  "entity.zombie_villager.hurt": {
    "category": "hostile",
    "replace": true,
    "sounds": [
      {
        "name": "entity.squid.ambient",
        "type": "event",
        "pitch": 2
      }
    ]
  },
  "entity.zombie_villager.death": {
    "category": "hostile",
    "replace": true,
    "sounds": [
      {
        "name": "entity.squid.ambient",
        "type": "event",
        "pitch": 2
      }
    ]
  },
  "entity.zombie.step": {
    "category": "hostile",
    "replace": true,
    "sounds": [
      {
        "name": "entity.squid.ambient",
        "type": "event",
        "pitch": 2
      }
    ]
  },
  "entity.zombie.ambient": {
    "category": "hostile",
    "replace": true,
    "sounds": [
      {
        "name": "entity.squid.ambient",
        "type": "event",
        "pitch": 2
      }
    ]
  },
  "entity.zombie.hurt": {
    "category": "hostile",
    "replace": true,
    "sounds": [
      {
        "name": "entity.squid.ambient",
        "type": "event",
        "pitch": 2
      }
    ]
  },
  "entity.zombie.death": {
    "category": "hostile",
    "replace": true,
    "sounds": [
      {
        "name": "entity.squid.ambient",
        "type": "event",
        "pitch": 2
      }
    ]
  }
}