{
	"parent": "item/handheld",
	"textures": {
		"layer0": "item/talisman_of_regeneration"
	},
	"overrides": [
		{ "predicate": {"damaged": 0, "damage": 0}, "model": "item/talisman_of_regeneration"},
		{ "predicate": {"damaged": 0, "damage": 0.038461538461538464}, "model": "item/black_tentacle"},
		{ "predicate": {"damaged": 0, "damage": 0.07692307692307693}, "model": "item/fireball_staff"},
		{ "predicate": {"damaged": 0, "damage": 0.11538461538461539}, "model": "item/undefined"},
		{ "predicate": {"damaged": 0, "damage": 0.15384615384615385}, "model": "item/winged_shortspear"},
		{ "predicate": {"damaged": 0, "damage": 0.19230769230769232}, "model": "item/greater_fireball_staff"},
		{ "predicate": {"damaged": 0, "damage": 0.23076923076923078}, "model": "item/fang_talisman"},
		{ "predicate": {"damaged": 0, "damage": 0.2692307692307693}, "model": "item/staff_of_cursed_flames"},
		{ "predicate": {"damaged": 0, "damage": 0.3076923076923077}, "model": "item/enchanted_sword"},
		{ "predicate": {"damaged": 0, "damage": 0.34615384615384615}, "model": "item/athame"},
		{ "predicate": {"damaged": 0, "damage": 0.38461538461538464}, "model": "item/undefined"},
		{ "predicate": {"damaged": 0, "damage": 0.42307692307692313}, "model": "item/undefined"},
		{ "predicate": {"damaged": 0, "damage": 0.46153846153846156}, "model": "item/undefined"},
		{ "predicate": {"damaged": 0, "damage": 0.5}, "model": "item/undefined"},
		{ "predicate": {"damaged": 0, "damage": 0.5384615384615385}, "model": "item/undefined"},
		{ "predicate": {"damaged": 0, "damage": 0.576923076923077}, "model": "item/undefined"},
		{ "predicate": {"damaged": 0, "damage": 0.6153846153846154}, "model": "item/undefined"},
		{ "predicate": {"damaged": 0, "damage": 0.6538461538461539}, "model": "item/undefined"},
		{ "predicate": {"damaged": 0, "damage": 0.6923076923076923}, "model": "item/undefined"},
		{ "predicate": {"damaged": 0, "damage": 0.7307692307692308}, "model": "item/undefined"},
		{ "predicate": {"damaged": 0, "damage": 0.7692307692307693}, "model": "item/undefined"},
		{ "predicate": {"damaged": 0, "damage": 0.8076923076923077}, "model": "item/undefined"},
		{ "predicate": {"damaged": 0, "damage": 0.8461538461538463}, "model": "item/undefined"},
		{ "predicate": {"damaged": 0, "damage": 0.8846153846153847}, "model": "item/undefined"},
		{ "predicate": {"damaged": 0, "damage": 0.9230769230769231}, "model": "item/undefined"},
		{ "predicate": {"damaged": 0, "damage": 0.9615384615384616}, "model": "item/undefined"},
		{ "predicate": {"damaged": 1, "damage": 0}, "model": "item/undefined"}
	]
}
