{
    "parent": "item/generated",
    "display": {
        "ground": {
            "rotation": [ 0, 0, 0 ],
            "translation": [ 0, 2, 0],
            "scale":[ 1.5, 1.5, 0.7 ]
        },
        "gui": {
            "rotation": [ 0, 0, 0 ],
            "translation": [ 3, 3, 0],
            "scale":[ 1.8, 1.8, 1]
        },
        "thirdperson_righthand": {
            "rotation": [ 0, -90, 55 ],
            "translation": [ 0, 9.0, 0.5 ],
            "scale": [ 1.7, 1.7, 1 ]
        },
        "thirdperson_lefthand": {
            "rotation": [ 0, 90, -55 ],
            "translation": [ 0, 9.0, -0.5 ],
            "scale": [ 1.7, 1.7, 1 ]
        },
        "firstperson_righthand": {
            "rotation": [ 0, -90, 25 ],
            "translation": [ 1.13, 5.2, 1.13 ],
            "scale": [ 1.64, 1.64, 0.8 ]
        },
        "firstperson_lefthand": {
            "rotation": [ 0, 90, -25 ],
            "translation": [ 1.13, 3.2, 1.13 ],
            "scale": [ 1.64, 1.64, 0.8 ]
        }
    }
}
