{
    "parent": "item/generated",
    "display": {
        "ground": {
            "rotation": [ 0, 0, 0 ],
            "translation": [ 5, 2, 0],
            "scale":[ 1.4, 1.4, 1 ]
        },
        "gui": {
            "rotation": [ 0, 0, 0 ],
            "translation": [ 4, 4, 0],
            "scale":[ 1.8, 1.8, 1]
        },
        "thirdperson_righthand": {
            "rotation": [ 0, -90, 55 ],
            "translation": [ 0, 9.0, 0.5 ],
            "scale": [ 1.7, 1.7, 1 ]
        },
        "thirdperson_lefthand": {
            "rotation": [ 0, -90, -55 ],
            "translation": [ 0, 9.0, 2.5 ],
            "scale": [ 1.7, 1.7, 1 ]
        },
        "firstperson_righthand": {
            "rotation": [ 0, -90, 25 ],
            "translation": [ 1.13, 7.5, 1.13 ],
            "scale": [ 1.5, 1.5, 0.8 ]
        },
        "firstperson_lefthand": {
            "rotation": [ 0, 90, -35 ],
            "translation": [ 1.13, 6.5, 1.13 ],
            "scale": [ 1.5, 1.5, 0.8 ]
        }
    }
}
