{
	"parent": "item/handheld_medium",
	"textures": {
		"layer0": "item/shield"
	},
    "display": {
        "ground": {
            "rotation": [ 0, 0, 0 ],
            "translation": [ 0, 2, 0],
            "scale":[ 0.5, 0.5, 0.5 ]
        },
        "gui": {
            "rotation": [ 0, 0, 0 ],
            "translation": [ 4, 4, 0],
            "scale":[ 1.8, 1.8, 1]
        },
        "thirdperson_righthand": {
            "rotation": [ 0, -90, 55 ],
            "translation": [ 0, 9.0, 0.5 ],
            "scale": [ 1.7, 1.7, 1 ]
        },
        "thirdperson_lefthand": {
            "rotation": [ 0, -90, 55 ],
            "translation": [ 0, 9.0, 0.5 ],
            "scale": [ 1.7, 1.7, 1 ]
        },
        "firstperson_righthand": {
            "rotation": [ 0, -90, 25 ],
            "translation": [ 1.13, 5.2, 1.13 ],
            "scale": [ 1.34, 1.34, 0.8 ]
        },
        "firstperson_lefthand": {
            "rotation": [ 0, 90, -25 ],
            "translation": [ 1.13, 3.2, 1.13 ],
            "scale": [ 1.34, 1.34, 0.8 ]
        }
    },
	"overrides": [
        {
            "predicate": {
                "blocking": 1
            },
            "model": "item/shield_blocking"
        },
		{ "predicate": {"damaged": 0, "damage": 0}, "model": "item/shield_basic"},
		{ "predicate": {"damaged": 0, "damage": 0.002976190476190476}, "model": "item/shield"},
		{ "predicate": {"damaged": 0, "damage": 0.005952380952380952}, "model": "item/shield"},
		{ "predicate": {"damaged": 0, "damage": 0.008928571428571428}, "model": "item/shield"},
		{ "predicate": {"damaged": 0, "damage": 0.011904761904761904}, "model": "item/shield"},
		{ "predicate": {"damaged": 0, "damage": 0.01488095238095238}, "model": "item/shield"},
		{ "predicate": {"damaged": 0, "damage": 0.017857142857142856}, "model": "item/shield"},
		{ "predicate": {"damaged": 0, "damage": 0.020833333333333332}, "model": "item/shield"},
		{ "predicate": {"damaged": 0, "damage": 0.023809523809523808}, "model": "item/shield"},
		{ "predicate": {"damaged": 0, "damage": 0.026785714285714284}, "model": "item/shield"},
		{ "predicate": {"damaged": 0, "damage": 0.02976190476190476}, "model": "item/shield"},
		{ "predicate": {"damaged": 0, "damage": 0.03273809523809523}, "model": "item/shield"},
		{ "predicate": {"damaged": 0, "damage": 0.03571428571428571}, "model": "item/shield"},
		{ "predicate": {"damaged": 0, "damage": 0.03869047619047619}, "model": "item/shield"},
		{ "predicate": {"damaged": 0, "damage": 0.041666666666666664}, "model": "item/shield"},
		{ "predicate": {"damaged": 0, "damage": 0.04464285714285714}, "model": "item/shield"},
		{ "predicate": {"damaged": 0, "damage": 0.047619047619047616}, "model": "item/shield"},
		{ "predicate": {"damaged": 0, "damage": 0.050595238095238096}, "model": "item/shield"},
		{ "predicate": {"damaged": 0, "damage": 0.05357142857142857}, "model": "item/shield"},
		{ "predicate": {"damaged": 0, "damage": 0.05654761904761904}, "model": "item/shield"},
		{ "predicate": {"damaged": 0, "damage": 0.05952380952380952}, "model": "item/shield"},
		{ "predicate": {"damaged": 0, "damage": 0.0625}, "model": "item/shield"},
		{ "predicate": {"damaged": 0, "damage": 0.06547619047619047}, "model": "item/shield"},
		{ "predicate": {"damaged": 0, "damage": 0.06845238095238095}, "model": "item/shield"},
		{ "predicate": {"damaged": 0, "damage": 0.07142857142857142}, "model": "item/shield"},
		{ "predicate": {"damaged": 0, "damage": 0.0744047619047619}, "model": "item/shield"},
		{ "predicate": {"damaged": 0, "damage": 0.07738095238095238}, "model": "item/shield"},
		{ "predicate": {"damaged": 0, "damage": 0.08035714285714285}, "model": "item/shield"},
		{ "predicate": {"damaged": 0, "damage": 0.08333333333333333}, "model": "item/shield"},
		{ "predicate": {"damaged": 0, "damage": 0.08630952380952381}, "model": "item/shield"},
		{ "predicate": {"damaged": 0, "damage": 0.08928571428571427}, "model": "item/shield"},
		{ "predicate": {"damaged": 0, "damage": 0.09226190476190475}, "model": "item/shield"},
		{ "predicate": {"damaged": 0, "damage": 0.09523809523809523}, "model": "item/shield"},
		{ "predicate": {"damaged": 0, "damage": 0.09821428571428571}, "model": "item/shield"},
		{ "predicate": {"damaged": 0, "damage": 0.10119047619047619}, "model": "item/shield"},
		{ "predicate": {"damaged": 0, "damage": 0.10416666666666666}, "model": "item/shield"},
		{ "predicate": {"damaged": 0, "damage": 0.10714285714285714}, "model": "item/shield"},
		{ "predicate": {"damaged": 0, "damage": 0.11011904761904762}, "model": "item/shield"},
		{ "predicate": {"damaged": 0, "damage": 0.11309523809523808}, "model": "item/shield"},
		{ "predicate": {"damaged": 0, "damage": 0.11607142857142856}, "model": "item/shield"},
		{ "predicate": {"damaged": 0, "damage": 0.11904761904761904}, "model": "item/shield"},
		{ "predicate": {"damaged": 0, "damage": 0.12202380952380952}, "model": "item/shield"},
		{ "predicate": {"damaged": 0, "damage": 0.125}, "model": "item/shield"},
		{ "predicate": {"damaged": 0, "damage": 0.12797619047619047}, "model": "item/shield"},
		{ "predicate": {"damaged": 0, "damage": 0.13095238095238093}, "model": "item/shield"},
		{ "predicate": {"damaged": 0, "damage": 0.13392857142857142}, "model": "item/shield"},
		{ "predicate": {"damaged": 0, "damage": 0.1369047619047619}, "model": "item/shield"},
		{ "predicate": {"damaged": 0, "damage": 0.13988095238095238}, "model": "item/shield"},
		{ "predicate": {"damaged": 0, "damage": 0.14285714285714285}, "model": "item/shield"},
		{ "predicate": {"damaged": 0, "damage": 0.14583333333333331}, "model": "item/shield"},
		{ "predicate": {"damaged": 0, "damage": 0.1488095238095238}, "model": "item/shield"},
		{ "predicate": {"damaged": 0, "damage": 0.15178571428571427}, "model": "item/shield"},
		{ "predicate": {"damaged": 0, "damage": 0.15476190476190477}, "model": "item/shield"},
		{ "predicate": {"damaged": 0, "damage": 0.15773809523809523}, "model": "item/shield"},
		{ "predicate": {"damaged": 0, "damage": 0.1607142857142857}, "model": "item/shield"},
		{ "predicate": {"damaged": 0, "damage": 0.1636904761904762}, "model": "item/shield"},
		{ "predicate": {"damaged": 0, "damage": 0.16666666666666666}, "model": "item/shield"},
		{ "predicate": {"damaged": 0, "damage": 0.16964285714285712}, "model": "item/shield"},
		{ "predicate": {"damaged": 0, "damage": 0.17261904761904762}, "model": "item/shield"},
		{ "predicate": {"damaged": 0, "damage": 0.17559523809523808}, "model": "item/shield"},
		{ "predicate": {"damaged": 0, "damage": 0.17857142857142855}, "model": "item/shield"},
		{ "predicate": {"damaged": 0, "damage": 0.18154761904761904}, "model": "item/shield"},
		{ "predicate": {"damaged": 0, "damage": 0.1845238095238095}, "model": "item/shield"},
		{ "predicate": {"damaged": 0, "damage": 0.1875}, "model": "item/shield"},
		{ "predicate": {"damaged": 0, "damage": 0.19047619047619047}, "model": "item/shield"},
		{ "predicate": {"damaged": 0, "damage": 0.19345238095238093}, "model": "item/shield"},
		{ "predicate": {"damaged": 0, "damage": 0.19642857142857142}, "model": "item/shield"},
		{ "predicate": {"damaged": 0, "damage": 0.1994047619047619}, "model": "item/shield"},
		{ "predicate": {"damaged": 0, "damage": 0.20238095238095238}, "model": "item/shield"},
		{ "predicate": {"damaged": 0, "damage": 0.20535714285714285}, "model": "item/shield"},
		{ "predicate": {"damaged": 0, "damage": 0.20833333333333331}, "model": "item/shield"},
		{ "predicate": {"damaged": 0, "damage": 0.2113095238095238}, "model": "item/shield"},
		{ "predicate": {"damaged": 0, "damage": 0.21428571428571427}, "model": "item/shield"},
		{ "predicate": {"damaged": 0, "damage": 0.21726190476190474}, "model": "item/shield"},
		{ "predicate": {"damaged": 0, "damage": 0.22023809523809523}, "model": "item/shield"},
		{ "predicate": {"damaged": 0, "damage": 0.2232142857142857}, "model": "item/shield"},
		{ "predicate": {"damaged": 0, "damage": 0.22619047619047616}, "model": "item/shield"},
		{ "predicate": {"damaged": 0, "damage": 0.22916666666666666}, "model": "item/shield"},
		{ "predicate": {"damaged": 0, "damage": 0.23214285714285712}, "model": "item/shield"},
		{ "predicate": {"damaged": 0, "damage": 0.23511904761904762}, "model": "item/shield"},
		{ "predicate": {"damaged": 0, "damage": 0.23809523809523808}, "model": "item/shield"},
		{ "predicate": {"damaged": 0, "damage": 0.24107142857142855}, "model": "item/shield"},
		{ "predicate": {"damaged": 0, "damage": 0.24404761904761904}, "model": "item/shield"},
		{ "predicate": {"damaged": 0, "damage": 0.2470238095238095}, "model": "item/shield"},
		{ "predicate": {"damaged": 0, "damage": 0.25}, "model": "item/shield"},
		{ "predicate": {"damaged": 0, "damage": 0.25297619047619047}, "model": "item/shield"},
		{ "predicate": {"damaged": 0, "damage": 0.25595238095238093}, "model": "item/shield"},
		{ "predicate": {"damaged": 0, "damage": 0.2589285714285714}, "model": "item/shield"},
		{ "predicate": {"damaged": 0, "damage": 0.26190476190476186}, "model": "item/shield"},
		{ "predicate": {"damaged": 0, "damage": 0.2648809523809524}, "model": "item/shield"},
		{ "predicate": {"damaged": 0, "damage": 0.26785714285714285}, "model": "item/shield"},
		{ "predicate": {"damaged": 0, "damage": 0.2708333333333333}, "model": "item/shield"},
		{ "predicate": {"damaged": 0, "damage": 0.2738095238095238}, "model": "item/shield"},
		{ "predicate": {"damaged": 0, "damage": 0.27678571428571425}, "model": "item/shield"},
		{ "predicate": {"damaged": 0, "damage": 0.27976190476190477}, "model": "item/shield"},
		{ "predicate": {"damaged": 0, "damage": 0.28273809523809523}, "model": "item/shield"},
		{ "predicate": {"damaged": 0, "damage": 0.2857142857142857}, "model": "item/shield"},
		{ "predicate": {"damaged": 0, "damage": 0.28869047619047616}, "model": "item/shield"},
		{ "predicate": {"damaged": 0, "damage": 0.29166666666666663}, "model": "item/shield"},
		{ "predicate": {"damaged": 0, "damage": 0.29464285714285715}, "model": "item/shield"},
		{ "predicate": {"damaged": 0, "damage": 0.2976190476190476}, "model": "item/shield"},
		{ "predicate": {"damaged": 0, "damage": 0.3005952380952381}, "model": "item/shield"},
		{ "predicate": {"damaged": 0, "damage": 0.30357142857142855}, "model": "item/shield"},
		{ "predicate": {"damaged": 0, "damage": 0.306547619047619}, "model": "item/shield"},
		{ "predicate": {"damaged": 0, "damage": 0.30952380952380953}, "model": "item/shield"},
		{ "predicate": {"damaged": 0, "damage": 0.3125}, "model": "item/shield"},
		{ "predicate": {"damaged": 0, "damage": 0.31547619047619047}, "model": "item/shield"},
		{ "predicate": {"damaged": 0, "damage": 0.31845238095238093}, "model": "item/shield"},
		{ "predicate": {"damaged": 0, "damage": 0.3214285714285714}, "model": "item/shield"},
		{ "predicate": {"damaged": 0, "damage": 0.32440476190476186}, "model": "item/shield"},
		{ "predicate": {"damaged": 0, "damage": 0.3273809523809524}, "model": "item/shield"},
		{ "predicate": {"damaged": 0, "damage": 0.33035714285714285}, "model": "item/shield"},
		{ "predicate": {"damaged": 0, "damage": 0.3333333333333333}, "model": "item/shield"},
		{ "predicate": {"damaged": 0, "damage": 0.3363095238095238}, "model": "item/shield"},
		{ "predicate": {"damaged": 0, "damage": 0.33928571428571425}, "model": "item/shield"},
		{ "predicate": {"damaged": 0, "damage": 0.34226190476190477}, "model": "item/shield"},
		{ "predicate": {"damaged": 0, "damage": 0.34523809523809523}, "model": "item/shield"},
		{ "predicate": {"damaged": 0, "damage": 0.3482142857142857}, "model": "item/shield"},
		{ "predicate": {"damaged": 0, "damage": 0.35119047619047616}, "model": "item/shield"},
		{ "predicate": {"damaged": 0, "damage": 0.35416666666666663}, "model": "item/shield"},
		{ "predicate": {"damaged": 0, "damage": 0.3571428571428571}, "model": "item/shield"},
		{ "predicate": {"damaged": 0, "damage": 0.3601190476190476}, "model": "item/shield"},
		{ "predicate": {"damaged": 0, "damage": 0.3630952380952381}, "model": "item/shield"},
		{ "predicate": {"damaged": 0, "damage": 0.36607142857142855}, "model": "item/shield"},
		{ "predicate": {"damaged": 0, "damage": 0.369047619047619}, "model": "item/shield"},
		{ "predicate": {"damaged": 0, "damage": 0.3720238095238095}, "model": "item/shield"},
		{ "predicate": {"damaged": 0, "damage": 0.375}, "model": "item/shield"},
		{ "predicate": {"damaged": 0, "damage": 0.37797619047619047}, "model": "item/shield"},
		{ "predicate": {"damaged": 0, "damage": 0.38095238095238093}, "model": "item/shield"},
		{ "predicate": {"damaged": 0, "damage": 0.3839285714285714}, "model": "item/shield"},
		{ "predicate": {"damaged": 0, "damage": 0.38690476190476186}, "model": "item/shield"},
		{ "predicate": {"damaged": 0, "damage": 0.3898809523809524}, "model": "item/shield"},
		{ "predicate": {"damaged": 0, "damage": 0.39285714285714285}, "model": "item/shield"},
		{ "predicate": {"damaged": 0, "damage": 0.3958333333333333}, "model": "item/shield"},
		{ "predicate": {"damaged": 0, "damage": 0.3988095238095238}, "model": "item/shield"},
		{ "predicate": {"damaged": 0, "damage": 0.40178571428571425}, "model": "item/shield"},
		{ "predicate": {"damaged": 0, "damage": 0.40476190476190477}, "model": "item/shield"},
		{ "predicate": {"damaged": 0, "damage": 0.40773809523809523}, "model": "item/shield"},
		{ "predicate": {"damaged": 0, "damage": 0.4107142857142857}, "model": "item/shield"},
		{ "predicate": {"damaged": 0, "damage": 0.41369047619047616}, "model": "item/shield"},
		{ "predicate": {"damaged": 0, "damage": 0.41666666666666663}, "model": "item/shield"},
		{ "predicate": {"damaged": 0, "damage": 0.4196428571428571}, "model": "item/shield"},
		{ "predicate": {"damaged": 0, "damage": 0.4226190476190476}, "model": "item/shield"},
		{ "predicate": {"damaged": 0, "damage": 0.4255952380952381}, "model": "item/shield"},
		{ "predicate": {"damaged": 0, "damage": 0.42857142857142855}, "model": "item/shield"},
		{ "predicate": {"damaged": 0, "damage": 0.431547619047619}, "model": "item/shield"},
		{ "predicate": {"damaged": 0, "damage": 0.4345238095238095}, "model": "item/shield"},
		{ "predicate": {"damaged": 0, "damage": 0.4375}, "model": "item/shield"},
		{ "predicate": {"damaged": 0, "damage": 0.44047619047619047}, "model": "item/shield"},
		{ "predicate": {"damaged": 0, "damage": 0.44345238095238093}, "model": "item/shield"},
		{ "predicate": {"damaged": 0, "damage": 0.4464285714285714}, "model": "item/shield"},
		{ "predicate": {"damaged": 0, "damage": 0.44940476190476186}, "model": "item/shield"},
		{ "predicate": {"damaged": 0, "damage": 0.45238095238095233}, "model": "item/shield"},
		{ "predicate": {"damaged": 0, "damage": 0.45535714285714285}, "model": "item/shield"},
		{ "predicate": {"damaged": 0, "damage": 0.4583333333333333}, "model": "item/shield"},
		{ "predicate": {"damaged": 0, "damage": 0.4613095238095238}, "model": "item/shield"},
		{ "predicate": {"damaged": 0, "damage": 0.46428571428571425}, "model": "item/shield"},
		{ "predicate": {"damaged": 0, "damage": 0.4672619047619047}, "model": "item/shield"},
		{ "predicate": {"damaged": 0, "damage": 0.47023809523809523}, "model": "item/shield"},
		{ "predicate": {"damaged": 0, "damage": 0.4732142857142857}, "model": "item/shield"},
		{ "predicate": {"damaged": 0, "damage": 0.47619047619047616}, "model": "item/shield"},
		{ "predicate": {"damaged": 0, "damage": 0.47916666666666663}, "model": "item/shield"},
		{ "predicate": {"damaged": 0, "damage": 0.4821428571428571}, "model": "item/shield"},
		{ "predicate": {"damaged": 0, "damage": 0.4851190476190476}, "model": "item/shield"},
		{ "predicate": {"damaged": 0, "damage": 0.4880952380952381}, "model": "item/shield"},
		{ "predicate": {"damaged": 0, "damage": 0.49107142857142855}, "model": "item/shield"},
		{ "predicate": {"damaged": 0, "damage": 0.494047619047619}, "model": "item/shield"},
		{ "predicate": {"damaged": 0, "damage": 0.4970238095238095}, "model": "item/shield"},
		{ "predicate": {"damaged": 0, "damage": 0.5}, "model": "item/shield"},
		{ "predicate": {"damaged": 0, "damage": 0.5029761904761905}, "model": "item/shield"},
		{ "predicate": {"damaged": 0, "damage": 0.5059523809523809}, "model": "item/shield"},
		{ "predicate": {"damaged": 0, "damage": 0.5089285714285714}, "model": "item/shield"},
		{ "predicate": {"damaged": 0, "damage": 0.5119047619047619}, "model": "item/shield"},
		{ "predicate": {"damaged": 0, "damage": 0.5148809523809523}, "model": "item/shield"},
		{ "predicate": {"damaged": 0, "damage": 0.5178571428571428}, "model": "item/shield"},
		{ "predicate": {"damaged": 0, "damage": 0.5208333333333333}, "model": "item/shield"},
		{ "predicate": {"damaged": 0, "damage": 0.5238095238095237}, "model": "item/shield"},
		{ "predicate": {"damaged": 0, "damage": 0.5267857142857143}, "model": "item/shield"},
		{ "predicate": {"damaged": 0, "damage": 0.5297619047619048}, "model": "item/shield"},
		{ "predicate": {"damaged": 0, "damage": 0.5327380952380952}, "model": "item/shield"},
		{ "predicate": {"damaged": 0, "damage": 0.5357142857142857}, "model": "item/shield"},
		{ "predicate": {"damaged": 0, "damage": 0.5386904761904762}, "model": "item/shield"},
		{ "predicate": {"damaged": 0, "damage": 0.5416666666666666}, "model": "item/shield"},
		{ "predicate": {"damaged": 0, "damage": 0.5446428571428571}, "model": "item/shield"},
		{ "predicate": {"damaged": 0, "damage": 0.5476190476190476}, "model": "item/shield"},
		{ "predicate": {"damaged": 0, "damage": 0.550595238095238}, "model": "item/shield"},
		{ "predicate": {"damaged": 0, "damage": 0.5535714285714285}, "model": "item/shield"},
		{ "predicate": {"damaged": 0, "damage": 0.5565476190476191}, "model": "item/shield"},
		{ "predicate": {"damaged": 0, "damage": 0.5595238095238095}, "model": "item/shield"},
		{ "predicate": {"damaged": 0, "damage": 0.5625}, "model": "item/shield"},
		{ "predicate": {"damaged": 0, "damage": 0.5654761904761905}, "model": "item/shield"},
		{ "predicate": {"damaged": 0, "damage": 0.5684523809523809}, "model": "item/shield"},
		{ "predicate": {"damaged": 0, "damage": 0.5714285714285714}, "model": "item/shield"},
		{ "predicate": {"damaged": 0, "damage": 0.5744047619047619}, "model": "item/shield"},
		{ "predicate": {"damaged": 0, "damage": 0.5773809523809523}, "model": "item/shield"},
		{ "predicate": {"damaged": 0, "damage": 0.5803571428571428}, "model": "item/shield"},
		{ "predicate": {"damaged": 0, "damage": 0.5833333333333333}, "model": "item/shield"},
		{ "predicate": {"damaged": 0, "damage": 0.5863095238095237}, "model": "item/shield"},
		{ "predicate": {"damaged": 0, "damage": 0.5892857142857143}, "model": "item/shield"},
		{ "predicate": {"damaged": 0, "damage": 0.5922619047619048}, "model": "item/shield"},
		{ "predicate": {"damaged": 0, "damage": 0.5952380952380952}, "model": "item/shield"},
		{ "predicate": {"damaged": 0, "damage": 0.5982142857142857}, "model": "item/shield"},
		{ "predicate": {"damaged": 0, "damage": 0.6011904761904762}, "model": "item/shield"},
		{ "predicate": {"damaged": 0, "damage": 0.6041666666666666}, "model": "item/shield"},
		{ "predicate": {"damaged": 0, "damage": 0.6071428571428571}, "model": "item/shield"},
		{ "predicate": {"damaged": 0, "damage": 0.6101190476190476}, "model": "item/shield"},
		{ "predicate": {"damaged": 0, "damage": 0.613095238095238}, "model": "item/shield"},
		{ "predicate": {"damaged": 0, "damage": 0.6160714285714285}, "model": "item/shield"},
		{ "predicate": {"damaged": 0, "damage": 0.6190476190476191}, "model": "item/shield"},
		{ "predicate": {"damaged": 0, "damage": 0.6220238095238095}, "model": "item/shield"},
		{ "predicate": {"damaged": 0, "damage": 0.625}, "model": "item/shield"},
		{ "predicate": {"damaged": 0, "damage": 0.6279761904761905}, "model": "item/shield"},
		{ "predicate": {"damaged": 0, "damage": 0.6309523809523809}, "model": "item/shield"},
		{ "predicate": {"damaged": 0, "damage": 0.6339285714285714}, "model": "item/shield"},
		{ "predicate": {"damaged": 0, "damage": 0.6369047619047619}, "model": "item/shield"},
		{ "predicate": {"damaged": 0, "damage": 0.6398809523809523}, "model": "item/shield"},
		{ "predicate": {"damaged": 0, "damage": 0.6428571428571428}, "model": "item/shield"},
		{ "predicate": {"damaged": 0, "damage": 0.6458333333333333}, "model": "item/shield"},
		{ "predicate": {"damaged": 0, "damage": 0.6488095238095237}, "model": "item/shield"},
		{ "predicate": {"damaged": 0, "damage": 0.6517857142857143}, "model": "item/shield"},
		{ "predicate": {"damaged": 0, "damage": 0.6547619047619048}, "model": "item/shield"},
		{ "predicate": {"damaged": 0, "damage": 0.6577380952380952}, "model": "item/shield"},
		{ "predicate": {"damaged": 0, "damage": 0.6607142857142857}, "model": "item/shield"},
		{ "predicate": {"damaged": 0, "damage": 0.6636904761904762}, "model": "item/shield"},
		{ "predicate": {"damaged": 0, "damage": 0.6666666666666666}, "model": "item/shield"},
		{ "predicate": {"damaged": 0, "damage": 0.6696428571428571}, "model": "item/shield"},
		{ "predicate": {"damaged": 0, "damage": 0.6726190476190476}, "model": "item/shield"},
		{ "predicate": {"damaged": 0, "damage": 0.675595238095238}, "model": "item/shield"},
		{ "predicate": {"damaged": 0, "damage": 0.6785714285714285}, "model": "item/shield"},
		{ "predicate": {"damaged": 0, "damage": 0.681547619047619}, "model": "item/shield"},
		{ "predicate": {"damaged": 0, "damage": 0.6845238095238095}, "model": "item/shield"},
		{ "predicate": {"damaged": 0, "damage": 0.6875}, "model": "item/shield"},
		{ "predicate": {"damaged": 0, "damage": 0.6904761904761905}, "model": "item/shield"},
		{ "predicate": {"damaged": 0, "damage": 0.6934523809523809}, "model": "item/shield"},
		{ "predicate": {"damaged": 0, "damage": 0.6964285714285714}, "model": "item/shield"},
		{ "predicate": {"damaged": 0, "damage": 0.6994047619047619}, "model": "item/shield"},
		{ "predicate": {"damaged": 0, "damage": 0.7023809523809523}, "model": "item/shield"},
		{ "predicate": {"damaged": 0, "damage": 0.7053571428571428}, "model": "item/shield"},
		{ "predicate": {"damaged": 0, "damage": 0.7083333333333333}, "model": "item/shield"},
		{ "predicate": {"damaged": 0, "damage": 0.7113095238095237}, "model": "item/shield"},
		{ "predicate": {"damaged": 0, "damage": 0.7142857142857142}, "model": "item/shield"},
		{ "predicate": {"damaged": 0, "damage": 0.7172619047619048}, "model": "item/shield"},
		{ "predicate": {"damaged": 0, "damage": 0.7202380952380952}, "model": "item/shield"},
		{ "predicate": {"damaged": 0, "damage": 0.7232142857142857}, "model": "item/shield"},
		{ "predicate": {"damaged": 0, "damage": 0.7261904761904762}, "model": "item/shield"},
		{ "predicate": {"damaged": 0, "damage": 0.7291666666666666}, "model": "item/shield"},
		{ "predicate": {"damaged": 0, "damage": 0.7321428571428571}, "model": "item/shield"},
		{ "predicate": {"damaged": 0, "damage": 0.7351190476190476}, "model": "item/shield"},
		{ "predicate": {"damaged": 0, "damage": 0.738095238095238}, "model": "item/shield"},
		{ "predicate": {"damaged": 0, "damage": 0.7410714285714285}, "model": "item/shield"},
		{ "predicate": {"damaged": 0, "damage": 0.744047619047619}, "model": "item/shield"},
		{ "predicate": {"damaged": 0, "damage": 0.7470238095238095}, "model": "item/shield"},
		{ "predicate": {"damaged": 0, "damage": 0.75}, "model": "item/shield"},
		{ "predicate": {"damaged": 0, "damage": 0.7529761904761905}, "model": "item/shield"},
		{ "predicate": {"damaged": 0, "damage": 0.7559523809523809}, "model": "item/shield"},
		{ "predicate": {"damaged": 0, "damage": 0.7589285714285714}, "model": "item/shield"},
		{ "predicate": {"damaged": 0, "damage": 0.7619047619047619}, "model": "item/shield"},
		{ "predicate": {"damaged": 0, "damage": 0.7648809523809523}, "model": "item/shield"},
		{ "predicate": {"damaged": 0, "damage": 0.7678571428571428}, "model": "item/shield"},
		{ "predicate": {"damaged": 0, "damage": 0.7708333333333333}, "model": "item/shield"},
		{ "predicate": {"damaged": 0, "damage": 0.7738095238095237}, "model": "item/shield"},
		{ "predicate": {"damaged": 0, "damage": 0.7767857142857142}, "model": "item/shield"},
		{ "predicate": {"damaged": 0, "damage": 0.7797619047619048}, "model": "item/shield"},
		{ "predicate": {"damaged": 0, "damage": 0.7827380952380952}, "model": "item/shield"},
		{ "predicate": {"damaged": 0, "damage": 0.7857142857142857}, "model": "item/shield"},
		{ "predicate": {"damaged": 0, "damage": 0.7886904761904762}, "model": "item/shield"},
		{ "predicate": {"damaged": 0, "damage": 0.7916666666666666}, "model": "item/shield"},
		{ "predicate": {"damaged": 0, "damage": 0.7946428571428571}, "model": "item/shield"},
		{ "predicate": {"damaged": 0, "damage": 0.7976190476190476}, "model": "item/shield"},
		{ "predicate": {"damaged": 0, "damage": 0.800595238095238}, "model": "item/shield"},
		{ "predicate": {"damaged": 0, "damage": 0.8035714285714285}, "model": "item/shield"},
		{ "predicate": {"damaged": 0, "damage": 0.806547619047619}, "model": "item/shield"},
		{ "predicate": {"damaged": 0, "damage": 0.8095238095238095}, "model": "item/shield"},
		{ "predicate": {"damaged": 0, "damage": 0.8125}, "model": "item/shield"},
		{ "predicate": {"damaged": 0, "damage": 0.8154761904761905}, "model": "item/shield"},
		{ "predicate": {"damaged": 0, "damage": 0.8184523809523809}, "model": "item/shield"},
		{ "predicate": {"damaged": 0, "damage": 0.8214285714285714}, "model": "item/shield"},
		{ "predicate": {"damaged": 0, "damage": 0.8244047619047619}, "model": "item/shield"},
		{ "predicate": {"damaged": 0, "damage": 0.8273809523809523}, "model": "item/shield"},
		{ "predicate": {"damaged": 0, "damage": 0.8303571428571428}, "model": "item/shield"},
		{ "predicate": {"damaged": 0, "damage": 0.8333333333333333}, "model": "item/shield"},
		{ "predicate": {"damaged": 0, "damage": 0.8363095238095237}, "model": "item/shield"},
		{ "predicate": {"damaged": 0, "damage": 0.8392857142857142}, "model": "item/shield"},
		{ "predicate": {"damaged": 0, "damage": 0.8422619047619048}, "model": "item/shield"},
		{ "predicate": {"damaged": 0, "damage": 0.8452380952380952}, "model": "item/shield"},
		{ "predicate": {"damaged": 0, "damage": 0.8482142857142857}, "model": "item/shield"},
		{ "predicate": {"damaged": 0, "damage": 0.8511904761904762}, "model": "item/shield"},
		{ "predicate": {"damaged": 0, "damage": 0.8541666666666666}, "model": "item/shield"},
		{ "predicate": {"damaged": 0, "damage": 0.8571428571428571}, "model": "item/shield"},
		{ "predicate": {"damaged": 0, "damage": 0.8601190476190476}, "model": "item/shield"},
		{ "predicate": {"damaged": 0, "damage": 0.863095238095238}, "model": "item/shield"},
		{ "predicate": {"damaged": 0, "damage": 0.8660714285714285}, "model": "item/shield"},
		{ "predicate": {"damaged": 0, "damage": 0.869047619047619}, "model": "item/shield"},
		{ "predicate": {"damaged": 0, "damage": 0.8720238095238094}, "model": "item/shield"},
		{ "predicate": {"damaged": 0, "damage": 0.875}, "model": "item/shield"},
		{ "predicate": {"damaged": 0, "damage": 0.8779761904761905}, "model": "item/shield"},
		{ "predicate": {"damaged": 0, "damage": 0.8809523809523809}, "model": "item/shield"},
		{ "predicate": {"damaged": 0, "damage": 0.8839285714285714}, "model": "item/shield"},
		{ "predicate": {"damaged": 0, "damage": 0.8869047619047619}, "model": "item/shield"},
		{ "predicate": {"damaged": 0, "damage": 0.8898809523809523}, "model": "item/shield"},
		{ "predicate": {"damaged": 0, "damage": 0.8928571428571428}, "model": "item/shield"},
		{ "predicate": {"damaged": 0, "damage": 0.8958333333333333}, "model": "item/shield"},
		{ "predicate": {"damaged": 0, "damage": 0.8988095238095237}, "model": "item/shield"},
		{ "predicate": {"damaged": 0, "damage": 0.9017857142857142}, "model": "item/shield"},
		{ "predicate": {"damaged": 0, "damage": 0.9047619047619047}, "model": "item/shield"},
		{ "predicate": {"damaged": 0, "damage": 0.9077380952380952}, "model": "item/shield"},
		{ "predicate": {"damaged": 0, "damage": 0.9107142857142857}, "model": "item/shield"},
		{ "predicate": {"damaged": 0, "damage": 0.9136904761904762}, "model": "item/shield"},
		{ "predicate": {"damaged": 0, "damage": 0.9166666666666666}, "model": "item/shield"},
		{ "predicate": {"damaged": 0, "damage": 0.9196428571428571}, "model": "item/shield"},
		{ "predicate": {"damaged": 0, "damage": 0.9226190476190476}, "model": "item/shield"},
		{ "predicate": {"damaged": 0, "damage": 0.925595238095238}, "model": "item/shield"},
		{ "predicate": {"damaged": 0, "damage": 0.9285714285714285}, "model": "item/shield"},
		{ "predicate": {"damaged": 0, "damage": 0.931547619047619}, "model": "item/shield"},
		{ "predicate": {"damaged": 0, "damage": 0.9345238095238094}, "model": "item/shield"},
		{ "predicate": {"damaged": 0, "damage": 0.9375}, "model": "item/shield"},
		{ "predicate": {"damaged": 0, "damage": 0.9404761904761905}, "model": "item/shield"},
		{ "predicate": {"damaged": 0, "damage": 0.9434523809523809}, "model": "item/shield"},
		{ "predicate": {"damaged": 0, "damage": 0.9464285714285714}, "model": "item/shield"},
		{ "predicate": {"damaged": 0, "damage": 0.9494047619047619}, "model": "item/shield"},
		{ "predicate": {"damaged": 0, "damage": 0.9523809523809523}, "model": "item/shield"},
		{ "predicate": {"damaged": 0, "damage": 0.9553571428571428}, "model": "item/shield"},
		{ "predicate": {"damaged": 0, "damage": 0.9583333333333333}, "model": "item/shield"},
		{ "predicate": {"damaged": 0, "damage": 0.9613095238095237}, "model": "item/shield"},
		{ "predicate": {"damaged": 0, "damage": 0.9642857142857142}, "model": "item/shield"},
		{ "predicate": {"damaged": 0, "damage": 0.9672619047619047}, "model": "item/shield"},
		{ "predicate": {"damaged": 0, "damage": 0.9702380952380952}, "model": "item/shield"},
		{ "predicate": {"damaged": 0, "damage": 0.9732142857142857}, "model": "item/shield"},
		{ "predicate": {"damaged": 0, "damage": 0.9761904761904762}, "model": "item/shield"},
		{ "predicate": {"damaged": 0, "damage": 0.9791666666666666}, "model": "item/shield"},
		{ "predicate": {"damaged": 0, "damage": 0.9821428571428571}, "model": "item/shield"},
		{ "predicate": {"damaged": 0, "damage": 0.9851190476190476}, "model": "item/shield"},
		{ "predicate": {"damaged": 0, "damage": 0.988095238095238}, "model": "item/shield"},
		{ "predicate": {"damaged": 0, "damage": 0.9910714285714285}, "model": "item/shield"},
		{ "predicate": {"damaged": 0, "damage": 0.994047619047619}, "model": "item/shield"},
		{ "predicate": {"damaged": 0, "damage": 0.9970238095238094}, "model": "item/shield"},
		{ "predicate": {"damaged": 1, "damage": 0}, "model": "item/shield"}
	]
}