{
    "parent": "item/handheld",
    "textures": {
        "layer0": "item/strong_shield_charm"
    },
    "display": {
        "ground": {
            "rotation": [ 0, 0, 0 ],
            "translation": [ 0, 2, 0],
            "scale":[ 0.5, 0.5, 0.5 ]
        },
        "gui": {
            "rotation": [ 0, 0, 0 ],
            "translation": [ 5, 5, 0],
            "scale":[ 1.9, 1.9, 1]
        },
        "thirdperson_righthand": {
            "rotation": [ 0, -90, 55 ],
            "translation": [ 0, 9.0, 0.5 ],
            "scale": [ 1.7, 1.7, 1 ]
        },
        "thirdperson_lefthand": {
            "rotation": [ 0, -90, 55 ],
            "translation": [ 0, 9.0, 0.5 ],
            "scale": [ 1.7, 1.7, 1 ]
        },
        "firstperson_righthand": {
            "rotation": [ 0, -90, 25 ],
            "translation": [ 1.13, 5.2, 1.13 ],
            "scale": [ 1.34, 1.34, 0.8 ]
        },
        "firstperson_lefthand": {
            "rotation": [ 0, 90, -25 ],
            "translation": [ 1.13, 3.2, 1.13 ],
            "scale": [ 1.34, 1.34, 0.8 ]
        }
    }
}
