{
    "parent": "item/generated",
    "display": {
        "ground": {
            "rotation": [ 0, 0, 0 ],
            "translation": [ 0, 2, 0],
            "scale":[ 0.4, 0.4, 0.4 ]
        },
        "gui": {
            "rotation": [ 0, 0, 0 ],
            "translation": [ 0, 0, 0],
            "scale":[ 0.9, 0.9, 1]
        },
        "thirdperson_righthand": {
            "rotation": [ 0, 0, 0 ],
            "translation": [ 0, 0, 0 ],
            "scale": [ 0, 0, 0 ]
        },
        "thirdperson_lefthand": {
            "rotation": [ 0, 0, 0 ],
            "translation": [ 0, 0, 0 ],
            "scale": [ 0, 0, 0 ]
        },
        "firstperson_righthand": {
            "rotation": [ 0, 90, 0 ],
            "translation": [ 2.13, 4.2, 1.13 ],
            "scale": [ 0.4, 0.5, 0.8 ]
        },
        "firstperson_lefthand": {
            "rotation": [ 0, -90, -20 ],
            "translation": [ 1.13, 3.2, 1.13 ],
            "scale": [ 0.5, 0.5, 0.8 ]
        }
    }
}
